,Date,ID,url,username,source,location,tweet,num_of_likes,num_of_retweet
0,2022-09-28 14:01:49+00:00,1575123618081767427,https://twitter.com/willo554598/status/1575123618081767427,willo554598,Twitter for iPhone,,"So‚Ä¶ tornados, homophobia, and a college football program on a meteoric rise thanks to six-time NCAA Division III Championship-winning coach Lance Leipold and future Heisman winner Jalon Daniels ISN‚ÄôT A BRAND?!? https://t.co/NMCSF7MSUC",1,0
1,2022-09-28 02:09:09+00:00,1574944268011315201,https://twitter.com/KURealist/status/1574944268011315201,KURealist,Twitter for iPhone,LFK,"@LukeAlbery @BigGameBoomer It‚Äôs easy to get those stats when your team is surrounded by first round picks. Jalon isn‚Äôt, and he doesn‚Äôt even need to be.",3,0
2,2022-09-28 01:28:04+00:00,1574933928460156928,https://twitter.com/KURealist/status/1574933928460156928,KURealist,Twitter Web App,LFK,"@LonnieMoore38 One, age has no correlation with being delusional.

Two, Jalon had better stats.",0,0
3,2022-09-28 01:26:50+00:00,1574933620317630464,https://twitter.com/KURealist/status/1574933620317630464,KURealist,Twitter Web App,LFK,@LukeAlbery @BigGameBoomer Jalon has a better QBR. CJ Stroud is a mid QB with an awesome WR core.,0,0
4,2022-09-28 01:25:12+00:00,1574933207350272000,https://twitter.com/KURealist/status/1574933207350272000,KURealist,Twitter Web App,LFK,Jalon won't transfer to a worse school lmao https://t.co/U0uuHaHE50,22,1
5,2022-09-28 01:23:46+00:00,1574932847659724801,https://twitter.com/KURealist/status/1574932847659724801,KURealist,Twitter Web App,LFK,@LukeAlbery @BigGameBoomer Jalon Daniels is better.,9,0
6,2022-09-27 22:33:44+00:00,1574890056007000075,https://twitter.com/KURealist/status/1574890056007000075,KURealist,Twitter for iPhone,LFK,@ryanp5579 Jalon Daniels won it last week ü§∑‚Äç‚ôÇÔ∏è,0,0
7,2022-09-27 21:01:09+00:00,1574866759760465921,https://twitter.com/KURealist/status/1574866759760465921,KURealist,Twitter Web App,LFK,Jalon Daniels is better than everybody on this list. https://t.co/wT2kK5xsBX,3,0
8,2022-09-27 21:00:45+00:00,1574866656450453528,https://twitter.com/KURealist/status/1574866656450453528,KURealist,Twitter Web App,LFK,@cowpoke_u @CFBTalkDaily Jalon Daniels cooks everybody on that list!!,8,0
9,2022-09-27 18:56:49+00:00,1574835469031989248,https://twitter.com/hutchsports/status/1574835469031989248,hutchsports,SocialNewsDesk,"Hutchinson, KS",Iowa State head coach Matt Campbell had nothing but nice things to say about Kansas head coach Lance Leipold and quarterback Jalon Daniels ahead of Saturday's matchup.  https://t.co/M238YXi86V,0,0
10,2022-09-27 18:56:49+00:00,1574835468973346848,https://twitter.com/saljsports/status/1574835468973346848,saljsports,SocialNewsDesk,"Salina, Kansas",Iowa State head coach Matt Campbell had nothing but nice things to say about Kansas head coach Lance Leipold and quarterback Jalon Daniels ahead of Saturday's matchup.  https://t.co/MsDGAbORky,1,0
11,2022-09-27 18:56:49+00:00,1574835468931325952,https://twitter.com/CJOnlinesports/status/1574835468931325952,CJOnlinesports,SocialNewsDesk,"Topeka, KS",Iowa State head coach Matt Campbell had nothing but nice things to say about Kansas head coach Lance Leipold and quarterback Jalon Daniels ahead of Saturday's matchup.  https://t.co/LKFeh44aHQ,0,1
12,2022-09-27 18:56:49+00:00,1574835468885266451,https://twitter.com/DMRsports/status/1574835468885266451,DMRsports,SocialNewsDesk,"Des Moines, Iowa",Iowa State head coach Matt Campbell had nothing but nice things to say about Kansas head coach Lance Leipold and quarterback Jalon Daniels ahead of Saturday's matchup.  https://t.co/EeHJBdpj5h,0,0
13,2022-09-27 18:56:49+00:00,1574835468864192513,https://twitter.com/AmesTribSports/status/1574835468864192513,AmesTribSports,SocialNewsDesk,"Ames, Iowa",Iowa State head coach Matt Campbell had nothing but nice things to say about Kansas head coach Lance Leipold and quarterback Jalon Daniels ahead of Saturday's matchup.  https://t.co/l50pXWZYAn,0,0
14,2022-09-27 18:56:49+00:00,1574835468860100609,https://twitter.com/DMRCyclones/status/1574835468860100609,DMRCyclones,SocialNewsDesk,"Des Moines & Ames, Iowa",Iowa State head coach Matt Campbell had nothing but nice things to say about Kansas head coach Lance Leipold and quarterback Jalon Daniels ahead of Saturday's matchup.  https://t.co/NZqdFCHfDh,2,0
15,2022-09-27 18:56:49+00:00,1574835468855906317,https://twitter.com/AmesTribNews/status/1574835468855906317,AmesTribNews,SocialNewsDesk,"Ames, Iowa",Iowa State head coach Matt Campbell had nothing but nice things to say about Kansas head coach Lance Leipold and quarterback Jalon Daniels ahead of Saturday's matchup.  https://t.co/IN4WrSrnhA,1,0
16,2022-09-27 13:00:59+00:00,1574745919307874304,https://twitter.com/DerekJohnson05/status/1574745919307874304,DerekJohnson05,Buffer,"Seward, NE","Should potential #Huskers head coaches get extra consideration points based on potential transfers they could bring? If so, Lance Leipold should get a ton of points if Jalon Daniels comes with him #Nebraska #gbr",0,0
17,2022-09-27 00:39:58+00:00,1574559438358331392,https://twitter.com/KURealist/status/1574559438358331392,KURealist,Twitter Web App,LFK,"I think the most noticeable thing about this season is the fact Jalon Daniels has thrown only 1 int. We may not score every single drive, but not tossing the ball to the other team is a sure fire way to help the wins roll in.",60,0
18,2022-09-27 00:34:37+00:00,1574558092469055491,https://twitter.com/KURealist/status/1574558092469055491,KURealist,Twitter Web App,LFK,Jalon Daniels had better stats in every way... https://t.co/C6XWlLVsl4,90,5
19,2022-09-26 15:33:02+00:00,1574421798455857154,https://twitter.com/KURealist/status/1574421798455857154,KURealist,Twitter Web App,LFK,@kansas247 Jalon Daniels would easily beat Stetson Bennett.,12,0
20,2022-09-26 13:10:26+00:00,1574385910598307846,https://twitter.com/JokerMagHQ/status/1574385910598307846,JokerMagHQ,Twitter for iPhone,"Philadelphia, PA","The Jayhawks quarterback, Jalon Daniels, has his name in Heisman conversation. 

Head Coach Lance Leipold is a D3 success story as well. He won six national championships at @WarhawkFootball before landing the HC job at Buffalo, and now Kansas.",4,1
21,2022-09-25 16:29:53+00:00,1574073718384492548,https://twitter.com/MSwain247/status/1574073718384492548,MSwain247,Twitter Web App,,"Podcast! @KFlaherty247 and I break down #KUfball's win over Duke and discuss Jalon Daniels' greatness and how KU has progressed this season and under Lance Leipold.

YouTube link: https://t.co/76Cp4nF5Os

Podcast link: https://t.co/MGj3V7jjLF https://t.co/m5aW8OGA0W",12,3
22,2022-09-25 13:24:15+00:00,1574027001077325829,https://twitter.com/KURealist/status/1574027001077325829,KURealist,Twitter Web App,LFK,Jalon Daniels has never not been first lmfao https://t.co/S4cWMsSAeK,48,1
23,2022-09-25 05:11:12+00:00,1573902918126039041,https://twitter.com/Hoops227_Ins/status/1573902918126039041,Hoops227_Ins,dlvr.it,"Boise, ID","https://t.co/zMtWZwYdl8 Lance Leipold &amp; Jalon Daniels React to Kansas Jayhawks Historic 4-0 Start, Kansas Fan Support https://t.co/cZR0nSmeoF https://t.co/XWAGPPRxvM",0,1
24,2022-09-24 23:05:31+00:00,1573810891480596481,https://twitter.com/JayhawkSlant/status/1573810891480596481,JayhawkSlant,Twitter Web App,"Olathe, KS","Lance Leipold talks about the fans who gave them a homefield advantage, Daniel Hishaw stepping up, and yes, the Heisman talk around Jalon Daniels. #kufball

https://t.co/YdVd0cnJAQ",51,5
25,2022-09-24 20:56:52+00:00,1573778518634283010,https://twitter.com/ClintStoerner/status/1573778518634283010,ClintStoerner,Twitter for iPhone,Houston TX,"Kansas HC Lance Leipold has one hell of a bargaining chip if he wants that Nebraska job. His QB Jalon Daniels is killin it &amp; has 1 year of eligibility remaining.

How much will Nebraska pay each party to make it a package deal??",11,2
26,2022-09-24 20:44:59+00:00,1573775527441317893,https://twitter.com/ZacBoyer/status/1573775527441317893,ZacBoyer,Twitter Web App,"Lawrence, KS","Kansas coach Lance Leipold was asked earlier about Jalon Daniels' chances of winning the Heisman Trophy.

""He's a heck of a player, so yeah, I'm all for it,"" he said. ""Whoever's running the campaign, let's get it going."" #kufball",83,3
27,2022-09-24 20:37:21+00:00,1573773603501481989,https://twitter.com/JayhawkSlant/status/1573773603501481989,JayhawkSlant,Twitter Web App,"Olathe, KS","UNCUT: Everything Lance Leipold had to say after the win over Duke. 

He talked about playing physical, was asked about Jalon Daniels for Heisman, and how recruits have viewed the team's 4-0 start. #kufball

https://t.co/4ExP3hRb4E",44,4
28,2022-09-24 19:58:28+00:00,1573763821449216003,https://twitter.com/caroline_soro/status/1573763821449216003,caroline_soro,Twitter Web App,,"Coach Lance Leipold on QB Jalon Daniels : ""I think he's done a heck of a job getting people to notice and getting people to take this program seriously."" 

#kufball",9,0
29,2022-09-24 19:58:09+00:00,1573763738393518081,https://twitter.com/JoeBlake01/status/1573763738393518081,JoeBlake01,Twitter Web App,"Kansas, USA","Coach Lance Leipold ""All for it"" as far as Jalon Daniel's being in the talks for the Heisman",2,0
30,2022-09-24 19:57:44+00:00,1573763634567823367,https://twitter.com/MSwain247/status/1573763634567823367,MSwain247,TweetDeck,,"Lance Leipold on Jalon Daniels Heisman buzz: ""Yeah I'm all for it."" #kufball",806,48
31,2022-09-24 19:53:30+00:00,1573762571416526856,https://twitter.com/ZacBoyer/status/1573762571416526856,ZacBoyer,Twitter Web App,"Lawrence, KS","Kansas coach Lance Leipold on Jalon Daniels: ""He doesn't let the moment get too big for him."" #kufball",35,2
32,2022-09-24 19:35:33+00:00,1573758054784434176,https://twitter.com/Big12_Spotlight/status/1573758054784434176,Big12_Spotlight,Twitter Web App,"Johnson County, KS","In just 16 games, Lance Leipold has beaten Texas, sold out Memorial Stadium, generated (hopefully false) rumors of Nebraska poaching, is coaching a Heisman Trophy candidate in Jalon Daniels and has #kufball flirting with the top 25. That is .... decent? Lol",5,2
33,2022-09-24 19:34:29+00:00,1573757786483220480,https://twitter.com/KURealist/status/1573757786483220480,KURealist,Twitter for iPhone,LFK,"Jalon Daniels has 803 Yards and 10 TD‚Äôs through 4 games. (Rushing and Throwing.) 

#JalonDanielsForHeisman",30,0
34,2022-09-24 19:25:56+00:00,1573755632762687490,https://twitter.com/ChronisterNoah/status/1573755632762687490,ChronisterNoah,Twitter Web App,,Lance Leipold and Jalon Daniels are #him https://t.co/LRStYvqsX7,0,0
35,2022-09-24 19:20:42+00:00,1573754317823266818,https://twitter.com/ClintTJohnson/status/1573754317823266818,ClintTJohnson,Twitter Web App,"Winona Lake, IN",Great college football game between Duke and Kansas at Kansas! I thought both teams played well! Kansas QB Jalon Daniels was 19/23 passing for 324 yards and 4 touchdowns! Kansas is 4-0! Lance Leipold and his crew have tons of momentum! The Jayhawks are so talented!,1,0
36,2022-09-24 19:19:58+00:00,1573754131550027780,https://twitter.com/Topher_Adams/status/1573754131550027780,Topher_Adams,Twitter Web App,"Orlando, FL",Lance Leipold and Jalon Daniels are superhuman for this https://t.co/bidLHovtkS,0,0
37,2022-09-24 19:17:01+00:00,1573753389682499586,https://twitter.com/thorku/status/1573753389682499586,thorku,Twitter for iPhone,"Minneapolis, MN","Lance Leipold, Jalon Daniels, and Devin Neal dancing to 4-0

 https://t.co/qmBHmoyNtU",8,0
38,2022-09-24 19:01:25+00:00,1573749461590937600,https://twitter.com/ryan_itsyaboi/status/1573749461590937600,ryan_itsyaboi,Twitter for iPhone,,Is Jalon Daniels the number 1 QB in the country? Is Jalon Daniels the number 1 NFL prospect in the 2023 draft? Idk. I‚Äôm not saying he is‚Ä¶ but I‚Äôm certainly not saying he isn‚Äôt. Is KU a better football program than Alabama? Idk. Is Lance Leipold a better Nick Sabin? Idk. Idk‚Ä¶,1,0
39,2022-09-24 18:56:55+00:00,1573748330911473670,https://twitter.com/JKBOGEN/status/1573748330911473670,JKBOGEN,Twitter Web App,UPSTATE NEW YORK,Lance Leipold deserves a ton of credit but I swear to you Jalon Daniels deciding to burn his redshirt for the final few games of last year is what jolted this team. Simply put. This is why you burn the redshirt. The momentum from last year is there. Daniels is a star. https://t.co/J0DuoF8ctU,2,0
40,2022-09-24 18:56:34+00:00,1573748243976146945,https://twitter.com/housell10/status/1573748243976146945,housell10,Twitter for iPhone,"Kansas City, MO",Jalon Daniels doing his dang best to turn this Kansas football program all the way around. Along with Lance Leipold. üòé,1,0
41,2022-09-24 18:37:34+00:00,1573743461542625280,https://twitter.com/KURealist/status/1573743461542625280,KURealist,Twitter for iPhone,LFK,What can‚Äôt Jalon Daniels do??,13,0
42,2022-09-24 18:28:32+00:00,1573741189177790464,https://twitter.com/JayhawkSlant/status/1573741189177790464,JayhawkSlant,Twitter Web App,"Olathe, KS",Lance Leipold even knows how many touchdowns Jalon Daniels has thrown. #kufball https://t.co/dNa94h897V,114,7
43,2022-09-24 17:36:36+00:00,1573728119432830976,https://twitter.com/janak306/status/1573728119432830976,janak306,Twitter for iPhone,NOLA,This Kansas football team is fun to watch. Jalon Daniels is for real (üëÄ Heisman).  Pay Lance Leipold üí∞. Rock Chalk Jayhawk. #LFGinLFK https://t.co/9cdAOx1qoP,2,0
44,2022-09-24 17:35:04+00:00,1573727731199655937,https://twitter.com/TCEonSGPN/status/1573727731199655937,TCEonSGPN,Twitter for iPhone,USA,"Stop sleeping on Lance Leipold, Jalon Daniels, and these Kansas Jayhawks #RockChalk #CollegeFootball https://t.co/jvYkQ6MHZg",7,0
45,2022-09-24 17:33:50+00:00,1573727420611694592,https://twitter.com/brutus_87to98/status/1573727420611694592,brutus_87to98,Twitter for iPhone,,"Lance Leipold is getting it done at Kansas. 

Jalon Daniels‚Äô story is exceptional. 

Rock. Chalk. https://t.co/GCHjVx5yUb",1,0
46,2022-09-24 16:22:58+00:00,1573709588632829953,https://twitter.com/SPARTYMOB/status/1573709588632829953,SPARTYMOB,Twitter Web App,wherever,Kansas is the second best team in the Big 12... Lance Leipold is one hell of a coach and Jalon Daniels is one hell of a QB,0,0
47,2022-09-22 22:59:25+00:00,1573084579900297216,https://twitter.com/TimmyTimmons6/status/1573084579900297216,TimmyTimmons6,Twitter for iPhone,LFK,@slancehoops Pretty sure Jalon Daniels was 6 years old last time it happened‚Ä¶ the long wait makes it that much sweeter,1,0
48,2022-09-22 18:32:06+00:00,1573017307655606273,https://twitter.com/Hoops227_CBB/status/1573017307655606273,Hoops227_CBB,dlvr.it,"Boise, ID","https://t.co/gnmqg3w5Xw Kansas HC Lance Leipold talks Jalon Daniels, Jayhawks' rebuild, 3-0 start | Breaking The Huddle https://t.co/Sh64bSiohW https://t.co/KgeGggcHh1",0,0
49,2022-09-22 02:16:29+00:00,1572771786495823874,https://twitter.com/LAmobslugger/status/1572771786495823874,LAmobslugger,Twitter Web App,Hollywood Goodfella blog,"Kansas HC Lance Leipold talks Jalon Daniels, Jayhawks' rebuild, 3-0 start | Breaking The Huddle CFB ON FOX
https://t.co/gqgTem1zrO",1,0
50,2022-09-20 18:51:31+00:00,1572297421040029701,https://twitter.com/andy_normile/status/1572297421040029701,andy_normile,Twitter for Android,,"@Owain_Jones_ Amazing to see the Jayhawks ranked, what a transformation from coach Lance Leipold, having QB Jalon Daniels makes a huge difference",0,0
51,2022-09-20 14:30:36+00:00,1572231758979923968,https://twitter.com/JBreezyBurner/status/1572231758979923968,JBreezyBurner,Twitter for Android,"Prairie Village, KS",@dieter @MTG_ZOU LOL. You would give your right nut to have Jalon Daniels and Lance Leipold right now. MU most likely wouldn't be able to keep up with KU's offense.,0,0
52,2022-09-18 05:36:15+00:00,1571372507361603584,https://twitter.com/Hoops227_Ins/status/1571372507361603584,Hoops227_Ins,dlvr.it,"Boise, ID",https://t.co/zMtWZwYdl8 Lance Leipold &amp; Jalon Daniels React to Kansas Jayhawks Moving to 3-0 &amp; Victory vs. Houston Cougars https://t.co/06KNsdJkwc https://t.co/XWAGPPRxvM,0,1
53,2022-09-18 02:07:13+00:00,1571319903809900544,https://twitter.com/G36452387/status/1571319903809900544,G36452387,Twitter for iPhone,,Give Jalon Daniels the heisman already holy shit Kansas is nasty. Also what a job Lance Leipold has done. The Jayhawks are fun.,2,0
54,2022-09-17 22:46:34+00:00,1571269410341490689,https://twitter.com/Roger__Hardy/status/1571269410341490689,Roger__Hardy,Twitter Web App,"Fort Worth, Texas","@RCMB323 Jalon Daniels is good at football. If any QB deserved to be B12 Offensive Player of the Week last Saturday, it was him. Lance Leipold is very good at coaching football.",0,0
55,2022-09-17 22:35:46+00:00,1571266691601932293,https://twitter.com/pamelam35/status/1571266691601932293,pamelam35,Twitter Web App,,"Jalon Daniels ü§ù Lance Leipold

KANSAS is the team ya'll -- the team I believed they could be

https://t.co/STGAUBjHk1",32,2
56,2022-09-17 15:57:40+00:00,1571166504116264963,https://twitter.com/shaving_pts_pod/status/1571166504116264963,shaving_pts_pod,Twitter for iPhone,,@Cody_CHGO Lance Leipold turned Buffalo into a competent program. He has a talented Kansas team who is gaining confidence week by week. Jalon Daniels is one of the more underrated QBs in the big 12. Houston had back to back multiple OT games. Kansas has scored 50+ in 3 out of last 5.,2,0
57,2022-09-14 19:26:47+00:00,1570131969979346944,https://twitter.com/TS_ND_SOUL_96/status/1570131969979346944,TS_ND_SOUL_96,Twitter for Android,,"2010Âπ¥„Åã„Çâ3Âãù‰ª•‰∏ä„Åó„Å¶„ÅÑ„Å™„ÅÑ„ÄÅ0Âãù„ÅÆ„Ç∑„Éº„Ç∫„É≥„Çí2ÂõûÁµåÈ®ì„Åó„Å¶„ÅÑ„Çã„Ç´„É≥„Ç∂„ÇπÂ§ßÂ≠¶„Åå„ÄÅ‰ªäÂπ¥„ÅØÂ•Ω„Çπ„Çø„Éº„Éà„ÇíÂàá„Å£„Å¶„ÅÑ„Åæ„Åô„ÄÇ2021„Å´Â∞±‰ªª„Åó„ÅüLance Leipold„ÅÆÊîπÈù©„Å´„Çà„Çä„ÄÅQB Jalon Daniels„ÅÆ„É¢„Éê„Ç§„É´ÊÄß„ÇíÊ¥ª„Åã„Åó„Åü„Ç™„Éï„Çß„É≥„Çπ„ÇíÁµÑ„Åø‰∏ä„Åí„ÄÅ„É©„ÉÉ„Ç∑„É≥„Ç∞„ÅÆÂº∑„Åï„ÅåÂá∫„Å¶„Åæ„Åô„ÄÇ
Ê¨°Êà¶„ÅØ„Éí„É•„Éº„Çπ„Éà„É≥Â§ßÂ≠¶„ÄÇ https://t.co/h2DisHmTr0",0,0
58,2022-09-13 19:00:01+00:00,1569762842152148992,https://twitter.com/SXMCollege/status/1569762842152148992,SXMCollege,Twitter Web App,A campus near you.,"The Kansas Jayhawks have opened the season 2-0. Major reason? @KU_Football QB Jalon Daniels

@JalonDaniels6 explained what's been different since HC Lance Leipold took over &amp; the new culture in Lawrence. #RockChalk https://t.co/YbUkUPqz4E",4,0
59,2022-09-11 13:39:57+00:00,1568957520470851584,https://twitter.com/Roger__Hardy/status/1568957520470851584,Roger__Hardy,Twitter Web App,"Fort Worth, Texas",Another thing that is impressive about Lance Leipold is how he develops the talent he inherited. Jalon Daniels was absolutely awful as a freshman QB. Daniels made huge progress his sophomore year &amp; outplaying WVU QB JT Daniels was vital to yesterday's win over the Mountaineers.,1,0
60,2022-09-11 03:35:30+00:00,1568805407853875200,https://twitter.com/BrendanDzw/status/1568805407853875200,BrendanDzw,Twitter for iPhone,Lawrence/Topeka,"Lance Leipold. Jalon Daniels. Cobee Bryant. 2-0.

Talkin‚Äô hawks: https://t.co/QTnNiyRCZn",1,0
61,2022-09-11 03:33:41+00:00,1568804949340872705,https://twitter.com/ChasenScott/status/1568804949340872705,ChasenScott,TweetDeck,"Kansas City, MO","Are you tired? OF COURSE not. 

Come hang out while we break down the #kufball win! Talking Jalon Daniels, Devin Neal, Lance Leipold and more... https://t.co/NeIymNJIOo",27,3
62,2022-09-11 02:19:48+00:00,1568786357161725952,https://twitter.com/PowelliteSZN/status/1568786357161725952,PowelliteSZN,Twitter for iPhone,,Jalon Daniels and Lance Leipold is the best coach QB duo in CFB https://t.co/5OuiTQiJFk,1,0
63,2022-09-11 01:44:41+00:00,1568777519268040704,https://twitter.com/slancehoops/status/1568777519268040704,slancehoops,Twitter for iPhone,University of Kansas,"Lance Leipold on Jalon Daniels: ‚ÄúHe‚Äôs such a gritty competitor.‚Äù 

#kufball",29,0
64,2022-09-11 01:43:16+00:00,1568777161762570240,https://twitter.com/DylanLysen/status/1568777161762570240,DylanLysen,Twitter for iPhone,Kansas,Devin Neal rules. Jalon Daniels rules. Lance Leipold rules. Rock Chalk.,12,0
65,2022-09-06 16:48:01+00:00,1567192908570284041,https://twitter.com/ctbecker/status/1567192908570284041,ctbecker,TweetDeck,"Lawrence, Kansas","Kansas coach Lance Leipold said QB Jalon Daniels is ""feeling good about what we're asking him to do"" heading into the West Virginia contest. #kufball",51,4
66,2022-09-04 17:40:25+00:00,1566481323014979584,https://twitter.com/kansas247/status/1566481323014979584,kansas247,TweetDeck,"Lawrence, Kansas","Jalon Daniels, Lance Leipold break down QBs performance vs. Tennessee Tech. #KUfball

Read: https://t.co/1HBEeaDEGU https://t.co/9LSvu3aPoh",16,4
67,2022-09-03 05:08:58+00:00,1565929824375504896,https://twitter.com/JayhawkSlant/status/1565929824375504896,JayhawkSlant,Twitter Web App,"Olathe, KS","Lance Leipold gives his take on Jalon Daniels, the running backs, defense after a blowout over Tennessee Tech. #kufball

https://t.co/BxvetPZykb",14,3
68,2022-09-03 03:44:55+00:00,1565908671040815104,https://twitter.com/ctbecker/status/1565908671040815104,ctbecker,TweetDeck,"Lawrence, Kansas","Kansas coach Lance Leipold said Jalon Daniels looked ""comfortable"" in his start against Tennessee Tech. Admitted he got a tad greedy in the second half, but his comments were nearly all positive. #kufball",78,6
69,2022-09-03 03:43:52+00:00,1565908408565391372,https://twitter.com/ZacBoyer/status/1565908408565391372,ZacBoyer,Twitter Web App,"Lawrence, KS",Kansas' Lance Leipold said what Jalon Daniels has been working on since last season showed up today. The early deep throw to Quentin Skinner was something Andy Kotelnicki thought was going to be possible at that point in the game. #kufball,27,3
70,2022-09-02 12:52:09+00:00,1565684000944971776,https://twitter.com/610SportsKC/status/1565684000944971776,610SportsKC,Twitter for iPhone,Kansas City,"New ‚ÄúWavin‚Äô the Wheat‚Äù podcast w/ @nick_schwerdt 

- Lance Leipold isn‚Äôt selling you anything
- @BryBryStrick on how #kufball wins in 2022, why the offense could take a step forward, and what to expect from Jalon Daniels

üéß: https://t.co/peiePbh6X7 https://t.co/BrS89jwM1W",10,2
71,2022-08-29 16:52:19+00:00,1564294887687831552,https://twitter.com/ZacBoyer/status/1564294887687831552,ZacBoyer,Twitter Web App,"Lawrence, KS","Kansas coach Lance Leipold said Jalon Daniels, Sam Burt, Rich Miller and Mike Novitsky are the captains through a player vote. #kufball",22,2
72,2022-08-29 16:46:22+00:00,1564293393395613698,https://twitter.com/ZacBoyer/status/1564293393395613698,ZacBoyer,Twitter Web App,"Lawrence, KS","Kansas coach Lance Leipold on the QBs: ""I'm comfortable with either one being on the field, but Jalon Daniels will be the starter."" #kufball",19,0
73,2022-08-29 16:45:37+00:00,1564293202034712577,https://twitter.com/ZacBoyer/status/1564293202034712577,ZacBoyer,Twitter Web App,"Lawrence, KS",Kansas coach Lance Leipold said Jalon Daniels will be one of the team's captains this season. #kufball,15,0
74,2022-08-29 16:45:25+00:00,1564293153213005825,https://twitter.com/ZacBoyer/status/1564293153213005825,ZacBoyer,Twitter Web App,"Lawrence, KS",Kansas coach Lance Leipold said Jalon Daniels will definitively start against Tennessee Tech but does not want to slight Jason Bean's performance in practice in recent weeks. #kufball,25,4
75,2022-08-17 18:45:17+00:00,1559974665954754563,https://twitter.com/ChasenScott/status/1559974665954754563,ChasenScott,Twitter Web App,"Kansas City, MO","NEW episode of Booth Review!

@kent_swanson and I were joined by former KU QB Carter Stanley (@carter_stanley9), who gave his thoughts on Jalon Daniels, Lance Leipold + a couple stories I hadn't heard before.

Apple pods: https://t.co/As4XIVgIPS
Spotify: https://t.co/lMg6NXkYmY",19,4
76,2022-08-13 15:59:02+00:00,1558483273399033856,https://twitter.com/ZacBoyer/status/1558483273399033856,ZacBoyer,Twitter Web App,"Lawrence, KS","Kansas quarterbacks coach Jim Zebrowski said Jalon Daniels was given the Week 1 starting nod by Lance Leipold because of the finish to last season, his strong performance during spring and because he's showing up every day to compete. #kufball",30,0
77,2022-08-08 20:00:39+00:00,1556732141928648704,https://twitter.com/KCStar/status/1556732141928648704,KCStar,True Anthem,"Kansas City, Mo. ","Jalon Daniels, who is expected to be the starter at QB this season after starting the last three games in 2021, continues to fare well at camp, Lance Leipold said.  https://t.co/Qtibn4zz88",6,1
78,2022-08-08 18:38:50+00:00,1556711548751646721,https://twitter.com/kansasdotcom/status/1556711548751646721,kansasdotcom,True Anthem,"Wichita, KS","Jalon Daniels, who is expected to be the starter at QB this season after starting the last three games in 2021, continues to fare well at camp, Lance Leipold said.  https://t.co/3GNDqvG1Vt",0,0
79,2022-08-08 18:37:25+00:00,1556711191703166976,https://twitter.com/SportsDailyKC/status/1556711191703166976,SportsDailyKC,True Anthem,"Kansas City, MO","Jalon Daniels, who is expected to be the starter at QB this season after starting the last three games in 2021, continues to fare well at camp, Lance Leipold said.  https://t.co/pBDLdN0B7h",1,0
80,2022-08-03 21:56:54+00:00,1554949456390488072,https://twitter.com/ZacBoyer/status/1554949456390488072,ZacBoyer,Twitter Web App,"Lawrence, KS","If Jason Bean was disappointed that coach Lance Leipold expects Jalon Daniels to begin the season as the starting QB, he didn't show it.

""I'm here to once again make myself better and do anything I can to make my team better,"" Bean said. #kufball 

https://t.co/2ql6aYQsXD",11,0
81,2022-08-03 21:30:03+00:00,1554942697886056448,https://twitter.com/ctbecker/status/1554942697886056448,ctbecker,Twitter Web App,"Lawrence, Kansas","Kansas coach Lance Leipold named Jalon Daniels the probable starter on Tuesday. Daniels opened up on Leipold's comments Wednesday and shared his thoughts on earning the top job.

Read more in my notebook: #kufball https://t.co/NoVbLYo700",20,2
82,2022-08-03 19:26:00+00:00,1554911479736012814,https://twitter.com/KUsports/status/1554911479736012814,KUsports,TweetDeck,"Lawrence, KS, USA","Jalon Daniels hasn't spoken with Lance Leipold about being Kansas' starting QB come Week 1, but he insisted the label won't change his approach to training camp, @ZacBoyer writes. #kufball

https://t.co/8o4VmqbCz7",17,2
83,2022-08-03 16:12:12+00:00,1554862710432710656,https://twitter.com/ZacBoyer/status/1554862710432710656,ZacBoyer,Twitter Web App,"Lawrence, KS","Kansas QB Jalon Daniels said he hasn't had many conversations with Lance Leipold about starting in Week 1. ""It doesn't really mean anything to me other than I get to go out there and show people what I can do."" #kufball",6,0
84,2022-08-03 16:12:04+00:00,1554862673648648193,https://twitter.com/JordanGuskey/status/1554862673648648193,JordanGuskey,TweetDeck,"Lawrence, KS","Jalon Daniels, on being the expected starter, says he hasn't really talked with Lance Leipold about it because preparation doesn't change. On what it means to him, Daniels said it doesn't mean a lot outside of being able to play. #kufball",26,1
85,2022-08-03 15:54:13+00:00,1554858184749322247,https://twitter.com/Vince_Lovergine/status/1554858184749322247,Vince_Lovergine,Twitter for Android,,"KU OC Andy Kotelnicki at the podium talking about Jalon Daniels and Jason Bean.

Lance Leipold announced Daniels will be the starting QB yesterday.

Kotelnicki says they have a lot of confidence in Daniels but he's been very impressed with Bean this spring and camp so far. https://t.co/3ZIx2aUugC",2,1
86,2022-08-03 15:52:00+00:00,1554857627078856710,https://twitter.com/ZacBoyer/status/1554857627078856710,ZacBoyer,Twitter Web App,"Lawrence, KS","Kansas offensive coordinator Andy Kotelnicki said he feels good with Lance Leipold's proclamation that Jalon Daniels would start the opener. ""Going into the fall with two guys who have started games, you're kind of blessed, you know?"" #kufball",11,0
87,2022-08-03 15:00:03+00:00,1554844552053358596,https://twitter.com/kansas247/status/1554844552053358596,kansas247,TweetDeck,"Lawrence, Kansas","Lance Leipold expects Jalon Daniels to start, goes in-depth on the dynamic of the QB competition. #KUfball

Story: https://t.co/UeCPUk8wFl https://t.co/jbZcogG4Y2",15,0
88,2022-08-03 14:16:23+00:00,1554833563555471360,https://twitter.com/mctait/status/1554833563555471360,mctait,TweetDeck,"Lawrence, KS, USA","During this morning's start to #KUfball practice, coach Lance Leipold shouted to the media corner, ""Jalon's the quarterback!"" He's having fun with this. But it's definitely new territory for KU fans, who have become awfully used to not knowing the identity of the QB until Game 1",228,12
89,2022-08-03 08:30:05+00:00,1554746415259205638,https://twitter.com/wibw/status/1554746415259205638,wibw,SocialNewsDesk,Kansas,"The wait is now over as Kansas head coach Lance Leipold announced quarterback Jalon Daniels will start under center for the Jayhawks, beating out 2021 starter Jason Bean. https://t.co/ahFXpB4W8D",0,0
90,2022-08-02 20:14:55+00:00,1554561404178501634,https://twitter.com/MSwain247/status/1554561404178501634,MSwain247,Twitter Web App,,"This was by far my favorite moment from today's #KUfball media availability.

""If you want to type 'Lance Leipold expects Jalon Daniels to be the starter' then go ahead and type it.""

And guess what? I typed it: https://t.co/MnJp4W1GCR https://t.co/kTzZOiZV2j",56,4
91,2022-08-02 18:30:10+00:00,1554535043791523846,https://twitter.com/salinajournal/status/1554535043791523846,salinajournal,SocialNewsDesk,"Salina, KS, US, 67401",Lance Leipold and Kansas football opened fall camp today. The head coach said he expects Jalon Daniels to start at quarterback week one. https://t.co/Og4xwyckOH,0,0
92,2022-08-02 18:30:10+00:00,1554535043728564225,https://twitter.com/CJOnline/status/1554535043728564225,CJOnline,SocialNewsDesk,"Topeka, KS",Lance Leipold and Kansas football opened fall camp today. The head coach said he expects Jalon Daniels to start at quarterback week one. https://t.co/UAH4fGRyUn,0,0
93,2022-08-02 18:30:10+00:00,1554535043434962944,https://twitter.com/saljsports/status/1554535043434962944,saljsports,SocialNewsDesk,"Salina, Kansas",Lance Leipold and Kansas football opened fall camp today. The head coach said he expects Jalon Daniels to start at quarterback week one. https://t.co/5D61Bt58GT,0,0
94,2022-08-02 18:30:10+00:00,1554535043296595968,https://twitter.com/CJOnlinesports/status/1554535043296595968,CJOnlinesports,SocialNewsDesk,"Topeka, KS",Lance Leipold and Kansas football opened fall camp today. The head coach said he expects Jalon Daniels to start at quarterback week one. https://t.co/Fk8ITabkFU,0,0
95,2022-08-02 18:30:10+00:00,1554535043263074305,https://twitter.com/hutchsports/status/1554535043263074305,hutchsports,SocialNewsDesk,"Hutchinson, KS",Lance Leipold and Kansas football opened fall camp today. The head coach said he expects Jalon Daniels to start at quarterback week one. https://t.co/Tq7K1X6bbt,0,0
96,2022-08-02 18:30:10+00:00,1554535043250388992,https://twitter.com/HutchNews/status/1554535043250388992,HutchNews,SocialNewsDesk,"Hutchinson, KS",Lance Leipold and Kansas football opened fall camp today. The head coach said he expects Jalon Daniels to start at quarterback week one. https://t.co/earBQ9Lmjg,1,0
97,2022-08-02 18:23:57+00:00,1554533478930194432,https://twitter.com/TalkinHawks/status/1554533478930194432,TalkinHawks,Twitter for iPhone,,"Lance Leipold came out and named Jalon Daniels the starting QB after day one of fall camp. I love that. That means JD had a good summer and the team and staff are confident he‚Äôs the guy. 

Side note: Leipold is so sharp and thoughtful in press conferences. He‚Äôs got a plan.",140,10
98,2022-08-02 18:19:46+00:00,1554532422758326275,https://twitter.com/KUsports/status/1554532422758326275,KUsports,TweetDeck,"Lawrence, KS, USA","Kansas coach Lance Leipold is planning for Jalon Daniels to be the Jayhawks' starting QB come Week 1.

That has seemed likely since the end of last season, @ZacBoyer writes. #kufball

https://t.co/REBNyOhrtM",14,0
99,2022-08-02 16:02:27+00:00,1554497868920246272,https://twitter.com/ZacBoyer/status/1554497868920246272,ZacBoyer,Twitter Web App,"Lawrence, KS",Kansas coach Lance Leipold said he expects Jalon Daniels to be the starting quarterback for the opener against Tennessee Tech in a month. #kufball,5,1
100,2022-08-02 15:57:42+00:00,1554496670708137987,https://twitter.com/MSwain247/status/1554496670708137987,MSwain247,TweetDeck,,"Lance Leipold on the QBs: ""If you want to type 'Lance Leipold expects Jalon Daniels to be the starter' then go ahead and type it."" #KUfball",55,2
